CHEMBL1942,Not Found
CHEMBL3865,Not Found
CHEMBL3886,Not Found
CHEMBL4852,Not Found
CHEMBL372,Not Found
CHEMBL614508,Not Found
CHEMBL614075,Not Found
CHEMBL614509,Not Found
CHEMBL613858,Not Found
CHEMBL614511,Not Found
CHEMBL612565,Not Found
CHEMBL614512,Not Found
CHEMBL614514,Not Found
CHEMBL613503,Not Found
CHEMBL614023,Not Found
CHEMBL613859,Not Found
CHEMBL614515,Not Found
CHEMBL614516,Not Found
CHEMBL614517,Not Found
CHEMBL614519,Not Found
CHEMBL613860,Not Found
CHEMBL614024,Not Found
CHEMBL613504,Not Found
CHEMBL614522,Not Found
CHEMBL614525,Not Found
CHEMBL614526,Not Found
CHEMBL614026,Not Found
CHEMBL613870,Not Found
CHEMBL614529,Not Found
CHEMBL614530,Not Found
CHEMBL614533,Not Found
CHEMBL612566,Not Found
CHEMBL614058,Not Found
CHEMBL614067,Not Found
CHEMBL613852,Not Found
CHEMBL613505,Not Found
CHEMBL614534,Not Found
CHEMBL614535,Not Found
CHEMBL614536,Not Found
CHEMBL614538,Not Found
CHEMBL382,Not Found
CHEMBL614539,Not Found
CHEMBL614540,Not Found
CHEMBL614541,Not Found
CHEMBL614542,Not Found
CHEMBL614028,Not Found
CHEMBL614544,Not Found
CHEMBL614545,Not Found
CHEMBL614546,Not Found
CHEMBL614547,Not Found
CHEMBL614548,Not Found
CHEMBL614044,Not Found
CHEMBL614029,Not Found
CHEMBL614549,Not Found
CHEMBL614550,Not Found
CHEMBL614551,Not Found
CHEMBL614552,Not Found
CHEMBL614554,Not Found
CHEMBL614030,Not Found
CHEMBL613506,Not Found
CHEMBL614729,Not Found
CHEMBL614561,Not Found
CHEMBL614257,Not Found
CHEMBL614562,Not Found
CHEMBL614032,Not Found
CHEMBL613854,Not Found
CHEMBL614566,Not Found
CHEMBL614033,Not Found
CHEMBL612519,Not Found
CHEMBL614281,Not Found
CHEMBL614284,Not Found
CHEMBL614059,Not Found
CHEMBL614285,Not Found
CHEMBL614286,Not Found
CHEMBL614034,Not Found
CHEMBL614287,Not Found
CHEMBL613508,Not Found
CHEMBL614289,Not Found
CHEMBL614291,Not Found
CHEMBL614035,Not Found
CHEMBL614292,Not Found
CHEMBL614295,Not Found
CHEMBL614298,Not Found
CHEMBL614036,Not Found
CHEMBL613509,Not Found
CHEMBL614570,Not Found
CHEMBL614573,Not Found
CHEMBL614574,Not Found
CHEMBL614575,Not Found
CHEMBL613510,Not Found
CHEMBL383,Not Found
CHEMBL614038,Not Found
CHEMBL614578,Not Found
CHEMBL614579,Not Found
CHEMBL614580,Not Found
CHEMBL384,Not Found
CHEMBL614581,Not Found
CHEMBL614039,Not Found
CHEMBL614582,Not Found
CHEMBL614584,Not Found
CHEMBL614585,Not Found
CHEMBL614586,Not Found
CHEMBL614587,Not Found
CHEMBL614588,Not Found
CHEMBL614589,Not Found
CHEMBL613833,Not Found
CHEMBL385,Not Found
CHEMBL614590,Not Found
CHEMBL614591,Not Found
CHEMBL614709,Not Found
CHEMBL614721,Not Found
CHEMBL614317,Not Found
CHEMBL614046,Not Found
CHEMBL614320,Not Found
CHEMBL614321,Not Found
CHEMBL614322,Not Found
CHEMBL387,Not Found
CHEMBL614323,Not Found
CHEMBL614325,Not Found
CHEMBL614326,Not Found
CHEMBL614327,Not Found
CHEMBL614328,Not Found
CHEMBL614128,Not Found
CHEMBL614329,Not Found
CHEMBL614331,Not Found
CHEMBL613513,Not Found
CHEMBL614129,Not Found
CHEMBL614334,Not Found
CHEMBL614335,Not Found
CHEMBL614339,Not Found
CHEMBL614340,Not Found
CHEMBL614341,Not Found
CHEMBL614343,Not Found
CHEMBL613827,Not Found
CHEMBL614130,Not Found
CHEMBL614873,Not Found
CHEMBL614344,Not Found
CHEMBL614347,Not Found
CHEMBL614348,Not Found
CHEMBL614352,Not Found
CHEMBL614353,Not Found
CHEMBL614354,Not Found
CHEMBL613514,Not Found
CHEMBL614355,Not Found
CHEMBL614048,Not Found
CHEMBL614356,Not Found
CHEMBL614131,Not Found
CHEMBL614169,Not Found
CHEMBL614170,Not Found
CHEMBL614132,Not Found
CHEMBL614174,Not Found
CHEMBL614175,Not Found
CHEMBL614176,Not Found
CHEMBL614177,Not Found
CHEMBL613515,Not Found
CHEMBL614133,Not Found
CHEMBL614180,Not Found
CHEMBL614181,Not Found
CHEMBL614182,Not Found
CHEMBL614184,Not Found
CHEMBL388,Not Found
CHEMBL614185,Not Found
CHEMBL613516,Not Found
CHEMBL614134,Not Found
CHEMBL614769,Not Found
CHEMBL614187,Not Found
CHEMBL614049,Not Found
CHEMBL614188,Not Found
CHEMBL614189,Not Found
CHEMBL614190,Not Found
CHEMBL614770,Not Found
CHEMBL614191,Not Found
CHEMBL614192,Not Found
CHEMBL614194,Not Found
CHEMBL614771,Not Found
CHEMBL614195,Not Found
CHEMBL614135,Not Found
CHEMBL613517,Not Found
CHEMBL614050,Not Found
CHEMBL614196,Not Found
CHEMBL614197,Not Found
CHEMBL614198,Not Found
CHEMBL614200,Not Found
CHEMBL614201,Not Found
CHEMBL612554,Not Found
CHEMBL614205,Not Found
CHEMBL614206,Not Found
CHEMBL614207,Not Found
CHEMBL614208,Not Found
CHEMBL613519,Not Found
CHEMBL614209,Not Found
CHEMBL614136,Not Found
CHEMBL614210,Not Found
CHEMBL614211,Not Found
CHEMBL614212,Not Found
CHEMBL614213,Not Found
CHEMBL614051,Not Found
CHEMBL614214,Not Found
CHEMBL612555,Not Found
CHEMBL612705,Not Found
CHEMBL614139,Not Found
CHEMBL613521,Not Found
CHEMBL614232,Not Found
CHEMBL614234,Not Found
CHEMBL614140,Not Found
CHEMBL390,Not Found
CHEMBL614235,Not Found
CHEMBL614236,Not Found
CHEMBL614237,Not Found
CHEMBL613522,Not Found
CHEMBL614238,Not Found
CHEMBL614239,Not Found
CHEMBL614241,Not Found
CHEMBL614142,Not Found
CHEMBL614242,Not Found
CHEMBL614052,Not Found
CHEMBL614382,Not Found
CHEMBL614384,Not Found
CHEMBL614385,Not Found
CHEMBL613523,Not Found
CHEMBL614143,Not Found
CHEMBL614628,Not Found
CHEMBL614629,Not Found
CHEMBL614144,Not Found
CHEMBL614633,Not Found
CHEMBL614879,Not Found
CHEMBL614881,Not Found
CHEMBL612447,Not Found
CHEMBL614882,Not Found
CHEMBL614883,Not Found
CHEMBL614145,Not Found
CHEMBL614884,Not Found
CHEMBL614885,Not Found
CHEMBL614886,Not Found
CHEMBL614887,Not Found
CHEMBL614888,Not Found
CHEMBL614889,Not Found
CHEMBL614890,Not Found
CHEMBL614053,Not Found
CHEMBL614892,Not Found
CHEMBL614893,Not Found
CHEMBL614894,Not Found
CHEMBL614146,Not Found
CHEMBL614896,Not Found
CHEMBL614898,Not Found
CHEMBL614899,Not Found
CHEMBL614901,Not Found
CHEMBL613526,Not Found
CHEMBL614903,Not Found
CHEMBL614905,Not Found
CHEMBL614906,Not Found
CHEMBL614908,Not Found
CHEMBL614909,Not Found
CHEMBL614910,Not Found
CHEMBL612542,Not Found
CHEMBL613527,Not Found
CHEMBL614911,Not Found
CHEMBL613834,Not Found
CHEMBL614912,Not Found
CHEMBL614913,Not Found
CHEMBL614914,Not Found
CHEMBL614915,Not Found
CHEMBL614916,Not Found
CHEMBL614917,Not Found
CHEMBL612706,Not Found
CHEMBL614919,Not Found
CHEMBL614920,Not Found
CHEMBL614922,Not Found
CHEMBL614923,Not Found
CHEMBL614163,Not Found
CHEMBL614924,Not Found
CHEMBL614925,Not Found
CHEMBL614926,Not Found
CHEMBL614927,Not Found
CHEMBL614928,Not Found
CHEMBL614929,Not Found
CHEMBL614054,Not Found
CHEMBL614164,Not Found
CHEMBL614930,Not Found
CHEMBL612543,Not Found
CHEMBL614931,Not Found
CHEMBL613529,Not Found
CHEMBL614932,Not Found
CHEMBL614165,Not Found
CHEMBL614933,Not Found
CHEMBL614934,Not Found
CHEMBL614935,Not Found
CHEMBL614938,Not Found
CHEMBL614939,Not Found
CHEMBL614166,Not Found
CHEMBL614940,Not Found
CHEMBL614942,Not Found
CHEMBL614943,Not Found
CHEMBL613530,Not Found
CHEMBL614243,Not Found
CHEMBL614944,Not Found
CHEMBL614773,Not Found
CHEMBL614055,Not Found
CHEMBL612544,Not Found
CHEMBL614945,Not Found
CHEMBL612282,Not Found
CHEMBL614947,Not Found
CHEMBL614774,Not Found
CHEMBL613531,Not Found
CHEMBL614775,Not Found
CHEMBL614244,Not Found
CHEMBL615009,Not Found
CHEMBL615010,Not Found
CHEMBL615011,Not Found
CHEMBL615012,Not Found
CHEMBL615013,Not Found
CHEMBL614245,Not Found
CHEMBL615014,Not Found
CHEMBL614612,Not Found
CHEMBL614056,Not Found
CHEMBL615018,Not Found
CHEMBL615019,Not Found
CHEMBL614246,Not Found
CHEMBL615020,Not Found
CHEMBL615021,Not Found
CHEMBL615022,Not Found
CHEMBL615023,Not Found
CHEMBL615024,Not Found
CHEMBL614247,Not Found
CHEMBL612794,Not Found
CHEMBL612795,Not Found
CHEMBL612796,Not Found
CHEMBL614610,Not Found
CHEMBL612797,Not Found
CHEMBL612798,Not Found
CHEMBL612799,Not Found
CHEMBL614388,Not Found
CHEMBL614057,Not Found
CHEMBL614391,Not Found
CHEMBL612806,Not Found
CHEMBL612807,Not Found
CHEMBL612808,Not Found
CHEMBL612809,Not Found
CHEMBL612810,Not Found
CHEMBL612811,Not Found
CHEMBL612813,Not Found
CHEMBL613533,Not Found
CHEMBL612815,Not Found
CHEMBL614251,Not Found
CHEMBL612817,Not Found
CHEMBL614393,Not Found
CHEMBL612818,Not Found
CHEMBL614252,Not Found
CHEMBL612819,Not Found
CHEMBL614611,Not Found
CHEMBL613102,Not Found
CHEMBL614777,Not Found
CHEMBL613106,Not Found
CHEMBL614567,Not Found
CHEMBL614268,Not Found
CHEMBL392,Not Found
CHEMBL614798,Not Found
CHEMBL613536,Not Found
CHEMBL614279,Not Found
CHEMBL614702,Not Found
CHEMBL614358,Not Found
CHEMBL613829,Not Found
CHEMBL614361,Not Found
CHEMBL614362,Not Found
CHEMBL613540,Not Found
CHEMBL614778,Not Found
CHEMBL614454,Not Found
CHEMBL614455,Not Found
CHEMBL612446,Not Found
CHEMBL614660,Not Found
CHEMBL614782,Not Found
CHEMBL614459,Not Found
CHEMBL614462,Not Found
CHEMBL614464,Not Found
CHEMBL614801,Not Found
CHEMBL614467,Not Found
CHEMBL614469,Not Found
CHEMBL612517,Not Found
CHEMBL614725,Not Found
CHEMBL614149,Not Found
CHEMBL614487,Not Found
CHEMBL614489,Not Found
CHEMBL612250,Not Found
CHEMBL614069,Not Found
CHEMBL393,Not Found
CHEMBL612255,Not Found
CHEMBL614783,Not Found
CHEMBL614803,Not Found
CHEMBL614805,Not Found
CHEMBL614806,Not Found
CHEMBL614392,Not Found
CHEMBL614150,Not Found
CHEMBL614070,Not Found
CHEMBL614811,Not Found
CHEMBL614812,Not Found
CHEMBL613855,Not Found
CHEMBL394,Not Found
CHEMBL613869,Not Found
CHEMBL614818,Not Found
CHEMBL613888,Not Found
CHEMBL614735,Not Found
CHEMBL614071,Not Found
CHEMBL614734,Not Found
CHEMBL614828,Not Found
CHEMBL614809,Not Found
CHEMBL613889,Not Found
CHEMBL614736,Not Found
CHEMBL614645,Not Found
CHEMBL612279,Not Found
CHEMBL614835,Not Found
CHEMBL614836,Not Found
CHEMBL612258,Not Found
CHEMBL614787,Not Found
CHEMBL612423,Not Found
CHEMBL614840,Not Found
CHEMBL614841,Not Found
CHEMBL614842,Not Found
CHEMBL614647,Not Found
CHEMBL614737,Not Found
CHEMBL395,Not Found
CHEMBL614844,Not Found
CHEMBL614790,Not Found
CHEMBL396,Not Found
CHEMBL614076,Not Found
CHEMBL614004,Not Found
CHEMBL612424,Not Found
CHEMBL613973,Not Found
CHEMBL614648,Not Found
CHEMBL613977,Not Found
CHEMBL613978,Not Found
CHEMBL613979,Not Found
CHEMBL613984,Not Found
CHEMBL614649,Not Found
CHEMBL397,Not Found
CHEMBL398,Not Found
CHEMBL614791,Not Found
CHEMBL613868,Not Found
CHEMBL613999,Not Found
CHEMBL614650,Not Found
CHEMBL614083,Not Found
CHEMBL612518,Not Found
CHEMBL614096,Not Found
CHEMBL614097,Not Found
CHEMBL614694,Not Found
CHEMBL612440,Not Found
CHEMBL614643,Not Found
CHEMBL614110,Not Found
CHEMBL614696,Not Found
CHEMBL614019,Not Found
CHEMBL614117,Not Found
CHEMBL614697,Not Found
CHEMBL614078,Not Found
CHEMBL399,Not Found
CHEMBL614021,Not Found
CHEMBL400,Not Found
CHEMBL614126,Not Found
CHEMBL612280,Not Found
CHEMBL614722,Not Found
CHEMBL614451,Not Found
CHEMBL614740,Not Found
CHEMBL614997,Not Found
CHEMBL614387,Not Found
CHEMBL615004,Not Found
CHEMBL615007,Not Found
CHEMBL614667,Not Found
CHEMBL612404,Not Found
CHEMBL614692,Not Found
CHEMBL614850,Not Found
CHEMBL614854,Not Found
CHEMBL612516,Not Found
CHEMBL614738,Not Found
CHEMBL614675,Not Found
CHEMBL614072,Not Found
CHEMBL614860,Not Found
CHEMBL614300,Not Found
CHEMBL612262,Not Found
CHEMBL612263,Not Found
CHEMBL612552,Not Found
CHEMBL614796,Not Found
CHEMBL613107,Not Found
CHEMBL614642,Not Found
CHEMBL614678,Not Found
CHEMBL613546,Not Found
CHEMBL614666,Not Found
CHEMBL612540,Not Found
CHEMBL614389,Not Found
CHEMBL614390,Not Found
CHEMBL614949,Not Found
CHEMBL614950,Not Found
CHEMBL612442,Not Found
CHEMBL612409,Not Found
CHEMBL612419,Not Found
CHEMBL613835,Not Found
CHEMBL612588,Not Found
CHEMBL613878,Not Found
CHEMBL613881,Not Found
CHEMBL613290,Not Found
CHEMBL612590,Not Found
CHEMBL612591,Not Found
CHEMBL612406,Not Found
CHEMBL612657,Not Found
CHEMBL612415,Not Found
CHEMBL612407,Not Found
CHEMBL612593,Not Found
CHEMBL612594,Not Found
CHEMBL612595,Not Found
CHEMBL612596,Not Found
CHEMBL612597,Not Found
CHEMBL612577,Not Found
CHEMBL614637,Not Found
CHEMBL612598,Not Found
CHEMBL613292,Not Found
CHEMBL612583,Not Found
CHEMBL612584,Not Found
CHEMBL614673,Not Found
CHEMBL612585,Not Found
CHEMBL612586,Not Found
CHEMBL612587,Not Found
CHEMBL613842,Not Found
CHEMBL613824,Not Found
CHEMBL614866,Not Found
CHEMBL613839,Not Found
CHEMBL612547,Not Found
CHEMBL613300,Not Found
CHEMBL613704,Not Found
CHEMBL613830,Not Found
CHEMBL612569,Not Found
CHEMBL613831,Not Found
CHEMBL613711,Not Found
CHEMBL612570,Not Found
CHEMBL613832,Not Found
CHEMBL613820,Not Found
CHEMBL613836,Not Found
CHEMBL613871,Not Found
CHEMBL5465,Not Found
CHEMBL5808,Not Found
CHEMBL6165,Not Found
CHEMBL5772,Not Found
CHEMBL613690,Not Found
CHEMBL613373,Not Found
CHEMBL613416,Not Found
CHEMBL613417,Not Found
CHEMBL613418,Not Found
CHEMBL613419,Not Found
CHEMBL613424,Not Found
CHEMBL613426,Not Found
CHEMBL613427,Not Found
CHEMBL5646,Not Found
CHEMBL1075381,Not Found
CHEMBL1075382,Not Found
CHEMBL1075383,Not Found
CHEMBL1075384,Not Found
CHEMBL1075385,Not Found
CHEMBL1075386,Not Found
CHEMBL1075387,Not Found
CHEMBL1075388,Not Found
CHEMBL1075389,Not Found
CHEMBL1075390,Not Found
CHEMBL1075391,Not Found
CHEMBL1075392,Not Found
CHEMBL1075393,Not Found
CHEMBL1075394,Not Found
CHEMBL1075395,Not Found
CHEMBL1075396,Not Found
CHEMBL1075397,Not Found
CHEMBL1075398,Not Found
CHEMBL1075399,Not Found
CHEMBL1075400,Not Found
CHEMBL1075401,Not Found
CHEMBL1075402,Not Found
CHEMBL1075403,Not Found
CHEMBL1075404,Not Found
CHEMBL1075405,Not Found
CHEMBL1075406,Not Found
CHEMBL1075407,Not Found
CHEMBL1075408,Not Found
CHEMBL1075409,Not Found
CHEMBL1075410,Not Found
CHEMBL1075411,Not Found
CHEMBL1075412,Not Found
CHEMBL1075413,Not Found
CHEMBL1075414,Not Found
CHEMBL1075415,Not Found
CHEMBL1075416,Not Found
CHEMBL1075417,Not Found
CHEMBL1075418,Not Found
CHEMBL1075419,Not Found
CHEMBL1075421,Not Found
CHEMBL1075422,Not Found
CHEMBL1075423,Not Found
CHEMBL1075425,Not Found
CHEMBL1075426,Not Found
CHEMBL1075427,Not Found
CHEMBL1075428,Not Found
CHEMBL1075429,Not Found
CHEMBL1075430,Not Found
CHEMBL1075431,Not Found
CHEMBL1075432,Not Found
CHEMBL1075433,Not Found
CHEMBL1075434,Not Found
CHEMBL1075435,Not Found
CHEMBL1075436,Not Found
CHEMBL1075437,Not Found
CHEMBL1075438,Not Found
CHEMBL1075439,Not Found
CHEMBL1075440,Not Found
CHEMBL1075441,Not Found
CHEMBL1075442,Not Found
CHEMBL1075443,Not Found
CHEMBL1075444,Not Found
CHEMBL1075445,Not Found
CHEMBL1075446,Not Found
CHEMBL1075447,Not Found
CHEMBL1075448,Not Found
CHEMBL1075449,Not Found
CHEMBL1075450,Not Found
CHEMBL1075451,Not Found
CHEMBL1075452,Not Found
CHEMBL1075453,Not Found
CHEMBL1075454,Not Found
CHEMBL1075455,Not Found
CHEMBL1075456,Not Found
CHEMBL1075457,Not Found
CHEMBL1075458,Not Found
CHEMBL1075459,Not Found
CHEMBL1075460,Not Found
CHEMBL1075461,Not Found
CHEMBL1075462,Not Found
CHEMBL1075463,Not Found
CHEMBL1075464,Not Found
CHEMBL1075465,Not Found
CHEMBL1075466,Not Found
CHEMBL1075467,Not Found
CHEMBL1075468,Not Found
CHEMBL1075469,Not Found
CHEMBL1075470,Not Found
CHEMBL1075471,Not Found
CHEMBL1075472,Not Found
CHEMBL1075475,Not Found
CHEMBL1075476,Not Found
CHEMBL1075477,Not Found
CHEMBL1075478,Not Found
CHEMBL1075479,Not Found
CHEMBL1075480,Not Found
CHEMBL1075481,Not Found
CHEMBL1075482,Not Found
CHEMBL1075483,Not Found
CHEMBL1075484,Not Found
CHEMBL1075485,Not Found
CHEMBL1075486,Not Found
CHEMBL1075487,Not Found
CHEMBL1075488,Not Found
CHEMBL1075489,Not Found
CHEMBL1075490,Not Found
CHEMBL1075491,Not Found
CHEMBL1075492,Not Found
CHEMBL1075493,Not Found
CHEMBL1075494,Not Found
CHEMBL1075495,Not Found
CHEMBL1075496,Not Found
CHEMBL1075497,Not Found
CHEMBL1075498,Not Found
CHEMBL1075499,Not Found
CHEMBL1075500,Not Found
CHEMBL1075501,Not Found
CHEMBL1075502,Not Found
CHEMBL1075503,Not Found
CHEMBL1075504,Not Found
CHEMBL1075505,Not Found
CHEMBL1075508,Not Found
CHEMBL1075509,Not Found
CHEMBL1075510,Not Found
CHEMBL1075511,Not Found
CHEMBL1075512,Not Found
CHEMBL1075513,Not Found
CHEMBL1075514,Not Found
CHEMBL1075515,Not Found
CHEMBL1075516,Not Found
CHEMBL1075517,Not Found
CHEMBL1075518,Not Found
CHEMBL1075519,Not Found
CHEMBL1075520,Not Found
CHEMBL1075521,Not Found
CHEMBL1075522,Not Found
CHEMBL1075523,Not Found
CHEMBL1075524,Not Found
CHEMBL1075525,Not Found
CHEMBL1075526,Not Found
CHEMBL1075527,Not Found
CHEMBL1075528,Not Found
CHEMBL1075529,Not Found
CHEMBL1075530,Not Found
CHEMBL1075531,Not Found
CHEMBL1075532,Not Found
CHEMBL1075533,Not Found
CHEMBL1075534,Not Found
CHEMBL1075535,Not Found
CHEMBL1075536,Not Found
CHEMBL1075537,Not Found
CHEMBL1075538,Not Found
CHEMBL1075539,Not Found
CHEMBL1075540,Not Found
CHEMBL1075541,Not Found
CHEMBL1075542,Not Found
CHEMBL1075543,Not Found
CHEMBL1075544,Not Found
CHEMBL1075545,Not Found
CHEMBL1075546,Not Found
CHEMBL1075547,Not Found
CHEMBL1075551,Not Found
CHEMBL1075552,Not Found
CHEMBL1075553,Not Found
CHEMBL1075554,Not Found
CHEMBL1075555,Not Found
CHEMBL1075556,Not Found
CHEMBL1075557,Not Found
CHEMBL1075558,Not Found
CHEMBL1075560,Not Found
CHEMBL1075561,Not Found
CHEMBL1075562,Not Found
CHEMBL1075563,Not Found
CHEMBL1075564,Not Found
CHEMBL1075565,Not Found
CHEMBL1075566,Not Found
CHEMBL1075567,Not Found
CHEMBL1075568,Not Found
CHEMBL1075569,Not Found
CHEMBL1075570,Not Found
CHEMBL1075571,Not Found
CHEMBL1075572,Not Found
CHEMBL1075573,Not Found
CHEMBL1075574,Not Found
CHEMBL1075575,Not Found
CHEMBL1075576,Not Found
CHEMBL1075577,Not Found
CHEMBL1075578,Not Found
CHEMBL1075579,Not Found
CHEMBL1075580,Not Found
CHEMBL1075581,Not Found
CHEMBL1075582,Not Found
CHEMBL1075583,Not Found
CHEMBL1075584,Not Found
CHEMBL1075585,Not Found
CHEMBL1075586,Not Found
CHEMBL1075587,Not Found
CHEMBL1075588,Not Found
CHEMBL1075589,Not Found
CHEMBL1075590,Not Found
CHEMBL1075591,Not Found
CHEMBL1075592,Not Found
CHEMBL1075593,Not Found
CHEMBL1075594,Not Found
CHEMBL1075595,Not Found
CHEMBL1075596,Not Found
CHEMBL1075597,Not Found
CHEMBL1075598,Not Found
CHEMBL1075599,Not Found
CHEMBL1075600,Not Found
CHEMBL1075601,Not Found
CHEMBL1075602,Not Found
CHEMBL1075604,Not Found
CHEMBL1075605,Not Found
CHEMBL1075606,Not Found
CHEMBL1075607,Not Found
CHEMBL1075608,Not Found
CHEMBL1075609,Not Found
CHEMBL1075610,Not Found
CHEMBL1075611,Not Found
CHEMBL1075612,Not Found
CHEMBL1075613,Not Found
CHEMBL1293265,Not Found
CHEMBL1615321,Not Found
CHEMBL1615322,Not Found
CHEMBL1626502,Not Found
CHEMBL1907588,Not Found
CHEMBL1907589,Not Found
CHEMBL1907591,Not Found
CHEMBL1907594,Not Found
CHEMBL1907597,Not Found
CHEMBL1907598,Not Found
CHEMBL1907599,Not Found
CHEMBL1907600,Not Found
CHEMBL1907601,Not Found
CHEMBL1907602,Not Found
CHEMBL1907603,Not Found
CHEMBL1907604,Not Found
CHEMBL1907605,Not Found
CHEMBL1907606,Not Found
CHEMBL1907611,Not Found
CHEMBL1909241,Not Found
CHEMBL2010625,Not Found
CHEMBL2073669,Not Found
CHEMBL2073719,Not Found
CHEMBL2093861,Not Found
CHEMBL2093862,Not Found
CHEMBL2093863,Not Found
CHEMBL2093865,Not Found
CHEMBL2093866,Not Found
CHEMBL2093867,Not Found
CHEMBL2093869,Not Found
CHEMBL2093872,Not Found
CHEMBL2094108,Not Found
CHEMBL2094109,Not Found
CHEMBL2094115,Not Found
CHEMBL2094118,Not Found
CHEMBL2094120,Not Found
CHEMBL2094121,Not Found
CHEMBL2094122,Not Found
CHEMBL2094124,Not Found
CHEMBL2094125,Not Found
CHEMBL2094126,Not Found
CHEMBL2094127,Not Found
CHEMBL2094128,Not Found
CHEMBL2094130,Not Found
CHEMBL2094132,Not Found
CHEMBL2094135,Not Found
CHEMBL2094138,Not Found
CHEMBL2094251,Not Found
CHEMBL2094253,Not Found
CHEMBL2094254,Not Found
CHEMBL2094255,Not Found
CHEMBL2094256,Not Found
CHEMBL2094257,Not Found
CHEMBL2094258,Not Found
CHEMBL2094268,Not Found
CHEMBL2095149,Not Found
CHEMBL2095150,Not Found
CHEMBL2095151,Not Found
CHEMBL2095152,Not Found
CHEMBL2095153,Not Found
CHEMBL2095156,Not Found
CHEMBL2095158,Not Found
CHEMBL2095160,Not Found
CHEMBL2095161,Not Found
CHEMBL2095162,Not Found
CHEMBL2095163,Not Found
CHEMBL2095164,Not Found
CHEMBL2095165,Not Found
CHEMBL2095168,Not Found
CHEMBL2095169,Not Found
CHEMBL2095172,Not Found
CHEMBL2095173,Not Found
CHEMBL2095174,Not Found
CHEMBL2095180,Not Found
CHEMBL2095181,Not Found
CHEMBL2095182,Not Found
CHEMBL2095184,Not Found
CHEMBL2095185,Not Found
CHEMBL2095186,Not Found
CHEMBL2095187,Not Found
CHEMBL2095188,Not Found
CHEMBL2095189,Not Found
CHEMBL2095190,Not Found
CHEMBL2095191,Not Found
CHEMBL2095193,Not Found
CHEMBL2095194,Not Found
CHEMBL2095195,Not Found
CHEMBL2095198,Not Found
CHEMBL2095200,Not Found
CHEMBL2095201,Not Found
CHEMBL2095202,Not Found
CHEMBL2095203,Not Found
CHEMBL2095204,Not Found
CHEMBL2095205,Not Found
CHEMBL2095213,Not Found
CHEMBL2095215,Not Found
CHEMBL2095216,Not Found
CHEMBL2095217,Not Found
CHEMBL2095219,Not Found
CHEMBL2095220,Not Found
CHEMBL2095226,Not Found
CHEMBL2095227,Not Found
CHEMBL2095229,Not Found
CHEMBL2095230,Not Found
CHEMBL2095233,Not Found
CHEMBL2095234,Not Found
CHEMBL2095396,Not Found
CHEMBL2095942,Not Found
CHEMBL2096618,Not Found
CHEMBL2096619,Not Found
CHEMBL2096620,Not Found
CHEMBL2096621,Not Found
CHEMBL2096661,Not Found
CHEMBL2096662,Not Found
CHEMBL2096665,Not Found
CHEMBL2096667,Not Found
CHEMBL2096668,Not Found
CHEMBL2096670,Not Found
CHEMBL2096675,Not Found
CHEMBL2096676,Not Found
CHEMBL2096677,Not Found
CHEMBL2096678,Not Found
CHEMBL2096679,Not Found
CHEMBL2096682,Not Found
CHEMBL2096904,Not Found
CHEMBL2096905,Not Found
CHEMBL2096906,Not Found
CHEMBL2096907,Not Found
CHEMBL2096908,Not Found
CHEMBL2096909,Not Found
CHEMBL2096972,Not Found
CHEMBL2096973,Not Found
CHEMBL2096974,Not Found
CHEMBL2096976,Not Found
CHEMBL2096978,Not Found
CHEMBL2096981,Not Found
CHEMBL2096982,Not Found
CHEMBL2096988,Not Found
CHEMBL2096989,Not Found
CHEMBL2096990,Not Found
CHEMBL2096991,Not Found
CHEMBL2097161,Not Found
CHEMBL2097163,Not Found
CHEMBL2097164,Not Found
CHEMBL2097165,Not Found
CHEMBL2097167,Not Found
CHEMBL2097169,Not Found
CHEMBL2097170,Not Found
CHEMBL2107836,Not Found
CHEMBL2107838,Not Found
CHEMBL2109230,Not Found
CHEMBL2109232,Not Found
CHEMBL2109233,Not Found
CHEMBL2109234,Not Found
CHEMBL2109236,Not Found
CHEMBL2109237,Not Found
CHEMBL2109238,Not Found
CHEMBL2109241,Not Found
CHEMBL2109242,Not Found
CHEMBL2109243,Not Found
CHEMBL2109244,Not Found
CHEMBL2111189,Not Found
CHEMBL2111190,Not Found
CHEMBL2111191,Not Found
CHEMBL2111288,Not Found
CHEMBL2111289,Not Found
CHEMBL2111409,Not Found
CHEMBL2111411,Not Found
CHEMBL2111412,Not Found
CHEMBL2111413,Not Found
CHEMBL2111414,Not Found
CHEMBL2111416,Not Found
CHEMBL2111417,Not Found
CHEMBL2111418,Not Found
CHEMBL2111419,Not Found
CHEMBL2111421,Not Found
CHEMBL2111422,Not Found
CHEMBL2111423,Not Found
CHEMBL2111424,Not Found
CHEMBL2111425,Not Found
CHEMBL2111426,Not Found
CHEMBL2111428,Not Found
CHEMBL2111429,Not Found
CHEMBL2111430,Not Found
CHEMBL2111431,Not Found
CHEMBL2111432,Not Found
CHEMBL2111434,Not Found
CHEMBL2111435,Not Found
CHEMBL2111436,Not Found
CHEMBL2111437,Not Found
CHEMBL2111438,Not Found
CHEMBL2111439,Not Found
CHEMBL2111440,Not Found
CHEMBL2111441,Not Found
CHEMBL2111443,Not Found
CHEMBL2111444,Not Found
CHEMBL2111445,Not Found
CHEMBL2111448,Not Found
CHEMBL2111449,Not Found
CHEMBL2111451,Not Found
CHEMBL2111455,Not Found
CHEMBL2111456,Not Found
CHEMBL2111457,Not Found
CHEMBL2111458,Not Found
CHEMBL2111459,Not Found
CHEMBL2111460,Not Found
CHEMBL2111461,Not Found
CHEMBL2111462,Not Found
CHEMBL2111463,Not Found
CHEMBL2111466,Not Found
CHEMBL2111467,Not Found
CHEMBL2111468,Not Found
CHEMBL2111469,Not Found
CHEMBL2111470,Not Found
CHEMBL2111471,Not Found
CHEMBL2111472,Not Found
CHEMBL2111477,Not Found
CHEMBL2111480,Not Found
CHEMBL2111321,Not Found
CHEMBL2111323,Not Found
CHEMBL2111324,Not Found
CHEMBL2111325,Not Found
CHEMBL2111326,Not Found
CHEMBL2111328,Not Found
CHEMBL2111329,Not Found
CHEMBL2111330,Not Found
CHEMBL2111332,Not Found
CHEMBL2111336,Not Found
CHEMBL2111337,Not Found
CHEMBL2111339,Not Found
CHEMBL2111340,Not Found
CHEMBL2111341,Not Found
CHEMBL2111345,Not Found
CHEMBL2111346,Not Found
CHEMBL2111348,Not Found
CHEMBL2111350,Not Found
CHEMBL2111367,Not Found
CHEMBL2111368,Not Found
CHEMBL2111369,Not Found
CHEMBL2111370,Not Found
CHEMBL2111371,Not Found
CHEMBL2111375,Not Found
CHEMBL2111377,Not Found
CHEMBL2111378,Not Found
CHEMBL2111379,Not Found
CHEMBL2111380,Not Found
CHEMBL2111384,Not Found
CHEMBL2111387,Not Found
CHEMBL2111388,Not Found
CHEMBL2111389,Not Found
CHEMBL2111390,Not Found
CHEMBL2111392,Not Found
CHEMBL2111394,Not Found
CHEMBL2111396,Not Found
CHEMBL2111397,Not Found
CHEMBL2111400,Not Found
CHEMBL2111401,Not Found
CHEMBL2111402,Not Found
CHEMBL2111405,Not Found
CHEMBL2111407,Not Found
CHEMBL2111351,Not Found
CHEMBL2111352,Not Found
CHEMBL2111353,Not Found
CHEMBL2111357,Not Found
CHEMBL2111361,Not Found
CHEMBL2111362,Not Found
CHEMBL2111363,Not Found
CHEMBL2111366,Not Found
CHEMBL2146342,Not Found
CHEMBL2163180,Not Found
CHEMBL2169728,Not Found
CHEMBL2169730,Not Found
CHEMBL2221341,Not Found
CHEMBL2221342,Not Found
CHEMBL2221344,Not Found
CHEMBL2221345,Not Found
CHEMBL2221346,Not Found
CHEMBL2221347,Not Found
CHEMBL2221348,Not Found
CHEMBL2311041,Not Found
CHEMBL2311221,Not Found
CHEMBL2311222,Not Found
CHEMBL2321639,Not Found
CHEMBL2331043,Not Found
CHEMBL2331074,Not Found
CHEMBL2331075,Not Found
CHEMBL2362995,Not Found
CHEMBL2362996,Not Found
CHEMBL2362997,Not Found
CHEMBL2363032,Not Found
CHEMBL2363041,Not Found
CHEMBL2363042,Not Found
CHEMBL2363043,Not Found
CHEMBL2363044,Not Found
CHEMBL2363049,Not Found
CHEMBL2363052,Not Found
CHEMBL2363054,Not Found
CHEMBL2363055,Not Found
CHEMBL2363062,Not Found
CHEMBL2363063,Not Found
CHEMBL2363064,Not Found
CHEMBL2363065,Not Found
CHEMBL2363066,Not Found
CHEMBL2363067,Not Found
CHEMBL2363068,Not Found
CHEMBL2363069,Not Found
CHEMBL2363070,Not Found
CHEMBL2363071,Not Found
CHEMBL2363074,Not Found
CHEMBL2363075,Not Found
CHEMBL2363078,Not Found
CHEMBL2364039,Not Found
CHEMBL2364153,Not Found
CHEMBL2364154,Not Found
CHEMBL2364167,Not Found
CHEMBL2364168,Not Found
CHEMBL2364169,Not Found
CHEMBL2364170,Not Found
CHEMBL2364171,Not Found
CHEMBL2364172,Not Found
CHEMBL2364173,Not Found
CHEMBL2364174,Not Found
CHEMBL2364175,Not Found
CHEMBL2364176,Not Found
CHEMBL2364177,Not Found
CHEMBL2364178,Not Found
CHEMBL2364179,Not Found
CHEMBL2364180,Not Found
CHEMBL2364181,Not Found
CHEMBL2364182,Not Found
CHEMBL2364183,Not Found
CHEMBL2364184,Not Found
CHEMBL2364187,Not Found
CHEMBL2364188,Not Found
CHEMBL2364675,Not Found
CHEMBL2364677,Not Found
CHEMBL2364681,Not Found
CHEMBL2364682,Not Found
CHEMBL2364701,Not Found
CHEMBL2364706,Not Found
CHEMBL2364709,Not Found
CHEMBL2364711,Not Found
CHEMBL2364712,Not Found
CHEMBL2366039,Not Found
CHEMBL2366040,Not Found
CHEMBL2366048,Not Found
CHEMBL2366061,Not Found
CHEMBL2366062,Not Found
CHEMBL2366063,Not Found
CHEMBL2366064,Not Found
CHEMBL2366065,Not Found
CHEMBL2366066,Not Found
CHEMBL2366067,Not Found
CHEMBL2366068,Not Found
CHEMBL2366069,Not Found
CHEMBL2366070,Not Found
CHEMBL2366071,Not Found
CHEMBL2366072,Not Found
CHEMBL2366073,Not Found
CHEMBL2366074,Not Found
CHEMBL2366075,Not Found
CHEMBL2366076,Not Found
CHEMBL2366077,Not Found
CHEMBL2366078,Not Found
CHEMBL2366079,Not Found
CHEMBL2366080,Not Found
CHEMBL2366081,Not Found
CHEMBL2366082,Not Found
CHEMBL2366083,Not Found
CHEMBL2366084,Not Found
CHEMBL2366085,Not Found
CHEMBL2366086,Not Found
CHEMBL2366087,Not Found
CHEMBL2366088,Not Found
CHEMBL2366089,Not Found
CHEMBL2366090,Not Found
CHEMBL2366091,Not Found
CHEMBL2366092,Not Found
CHEMBL2366093,Not Found
CHEMBL2366094,Not Found
CHEMBL2366095,Not Found
CHEMBL2366096,Not Found
CHEMBL2366097,Not Found
CHEMBL2366098,Not Found
CHEMBL2366099,Not Found
CHEMBL2366100,Not Found
CHEMBL2366101,Not Found
CHEMBL2366102,Not Found
CHEMBL2366103,Not Found
CHEMBL2366104,Not Found
CHEMBL2366105,Not Found
CHEMBL2366106,Not Found
CHEMBL2366107,Not Found
CHEMBL2366108,Not Found
CHEMBL2366109,Not Found
CHEMBL2366110,Not Found
CHEMBL2366111,Not Found
CHEMBL2366112,Not Found
CHEMBL2366113,Not Found
CHEMBL2366114,Not Found
CHEMBL2366115,Not Found
CHEMBL2366116,Not Found
CHEMBL2366117,Not Found
CHEMBL2366118,Not Found
CHEMBL2366119,Not Found
CHEMBL2366120,Not Found
CHEMBL2366121,Not Found
CHEMBL2366122,Not Found
CHEMBL2366123,Not Found
CHEMBL2366124,Not Found
CHEMBL2366125,Not Found
CHEMBL2366126,Not Found
CHEMBL2366127,Not Found
CHEMBL2366128,Not Found
CHEMBL2366130,Not Found
CHEMBL2366131,Not Found
CHEMBL2366132,Not Found
CHEMBL2366133,Not Found
CHEMBL2366134,Not Found
CHEMBL2366135,Not Found
CHEMBL2366136,Not Found
CHEMBL2366137,Not Found
CHEMBL2366138,Not Found
CHEMBL2366139,Not Found
CHEMBL2366140,Not Found
CHEMBL2366141,Not Found
CHEMBL2366142,Not Found
CHEMBL2366143,Not Found
CHEMBL2366144,Not Found
CHEMBL2366145,Not Found
CHEMBL2366146,Not Found
CHEMBL2366147,Not Found
CHEMBL2366148,Not Found
CHEMBL2366149,Not Found
CHEMBL2366150,Not Found
CHEMBL2366151,Not Found
CHEMBL2366152,Not Found
CHEMBL2366153,Not Found
CHEMBL2366154,Not Found
CHEMBL2366155,Not Found
CHEMBL2366156,Not Found
CHEMBL2366157,Not Found
CHEMBL2366158,Not Found
CHEMBL2366159,Not Found
CHEMBL2366160,Not Found
CHEMBL2366161,Not Found
CHEMBL2366162,Not Found
CHEMBL2366163,Not Found
CHEMBL2366164,Not Found
CHEMBL2366165,Not Found
CHEMBL2366166,Not Found
CHEMBL2366167,Not Found
CHEMBL2366168,Not Found
CHEMBL2366169,Not Found
CHEMBL2366170,Not Found
CHEMBL2366171,Not Found
CHEMBL2366172,Not Found
CHEMBL2366173,Not Found
CHEMBL2366174,Not Found
CHEMBL2366175,Not Found
CHEMBL2366176,Not Found
CHEMBL2366177,Not Found
CHEMBL2366178,Not Found
CHEMBL2366179,Not Found
CHEMBL2366180,Not Found
CHEMBL2366181,Not Found
CHEMBL2366182,Not Found
CHEMBL2366183,Not Found
CHEMBL2366184,Not Found
CHEMBL2366185,Not Found
CHEMBL2366186,Not Found
CHEMBL2366187,Not Found
CHEMBL2366188,Not Found
CHEMBL2366189,Not Found
CHEMBL2366190,Not Found
CHEMBL2366191,Not Found
CHEMBL2366192,Not Found
CHEMBL2366193,Not Found
CHEMBL2366194,Not Found
CHEMBL2366195,Not Found
CHEMBL2366196,Not Found
CHEMBL2366197,Not Found
CHEMBL2366198,Not Found
CHEMBL2366199,Not Found
CHEMBL2366200,Not Found
CHEMBL2366201,Not Found
CHEMBL2366202,Not Found
CHEMBL2366203,Not Found
CHEMBL2366204,Not Found
CHEMBL2366205,Not Found
CHEMBL2366206,Not Found
CHEMBL2366207,Not Found
CHEMBL2366208,Not Found
CHEMBL2366209,Not Found
CHEMBL2366210,Not Found
CHEMBL2366211,Not Found
CHEMBL2366212,Not Found
CHEMBL2366213,Not Found
CHEMBL2366214,Not Found
CHEMBL2366215,Not Found
CHEMBL2366216,Not Found
CHEMBL2366217,Not Found
CHEMBL2366218,Not Found
CHEMBL2366219,Not Found
CHEMBL2366220,Not Found
CHEMBL2366221,Not Found
CHEMBL2366222,Not Found
CHEMBL2366223,Not Found
CHEMBL2366224,Not Found
CHEMBL2366225,Not Found
CHEMBL2366226,Not Found
CHEMBL2366227,Not Found
CHEMBL2366228,Not Found
CHEMBL2366229,Not Found
CHEMBL2366230,Not Found
CHEMBL2366231,Not Found
CHEMBL2366232,Not Found
CHEMBL2366233,Not Found
CHEMBL2366234,Not Found
CHEMBL2366235,Not Found
CHEMBL2366236,Not Found
CHEMBL2366237,Not Found
CHEMBL2366238,Not Found
CHEMBL2366239,Not Found
CHEMBL2366240,Not Found
CHEMBL2366241,Not Found
CHEMBL2366242,Not Found
CHEMBL2366243,Not Found
CHEMBL2366244,Not Found
CHEMBL2366245,Not Found
CHEMBL2366246,Not Found
CHEMBL2366247,Not Found
CHEMBL2366248,Not Found
CHEMBL2366249,Not Found
CHEMBL2366250,Not Found
CHEMBL2366251,Not Found
CHEMBL2366252,Not Found
CHEMBL2366253,Not Found
CHEMBL2366254,Not Found
CHEMBL2366255,Not Found
CHEMBL2366256,Not Found
CHEMBL2366257,Not Found
CHEMBL2366258,Not Found
CHEMBL2366259,Not Found
CHEMBL2366260,Not Found
CHEMBL2366261,Not Found
CHEMBL2366262,Not Found
CHEMBL2366263,Not Found
CHEMBL2366264,Not Found
CHEMBL2366265,Not Found
CHEMBL2366266,Not Found
CHEMBL2366267,Not Found
CHEMBL2366268,Not Found
CHEMBL2366269,Not Found
CHEMBL2366271,Not Found
CHEMBL2366272,Not Found
CHEMBL2366273,Not Found
CHEMBL2366274,Not Found
CHEMBL2366275,Not Found
CHEMBL2366276,Not Found
CHEMBL2366277,Not Found
CHEMBL2366278,Not Found
CHEMBL2366279,Not Found
CHEMBL2366280,Not Found
CHEMBL2366281,Not Found
CHEMBL2366283,Not Found
CHEMBL2366284,Not Found
CHEMBL2366285,Not Found
CHEMBL2366286,Not Found
CHEMBL2366287,Not Found
CHEMBL2366288,Not Found
CHEMBL2366289,Not Found
CHEMBL2366290,Not Found
CHEMBL2366291,Not Found
CHEMBL2366292,Not Found
CHEMBL2366293,Not Found
CHEMBL2366294,Not Found
CHEMBL2366295,Not Found
CHEMBL2366296,Not Found
CHEMBL2366297,Not Found
CHEMBL2366298,Not Found
CHEMBL2366299,Not Found
CHEMBL2366300,Not Found
CHEMBL2366301,Not Found
CHEMBL2366302,Not Found
CHEMBL2366303,Not Found
CHEMBL2366304,Not Found
CHEMBL2366305,Not Found
CHEMBL2366306,Not Found
CHEMBL2366307,Not Found
CHEMBL2366308,Not Found
CHEMBL2366309,Not Found
CHEMBL2366310,Not Found
CHEMBL2366311,Not Found
CHEMBL2366312,Not Found
CHEMBL2366313,Not Found
CHEMBL2366314,Not Found
CHEMBL2366315,Not Found
CHEMBL2366316,Not Found
CHEMBL2366317,Not Found
CHEMBL2366318,Not Found
CHEMBL2366319,Not Found
CHEMBL2366320,Not Found
CHEMBL2366322,Not Found
CHEMBL2366323,Not Found
CHEMBL2366324,Not Found
CHEMBL2366325,Not Found
CHEMBL2366326,Not Found
CHEMBL2366327,Not Found
CHEMBL2366328,Not Found
CHEMBL2366329,Not Found
CHEMBL2366330,Not Found
CHEMBL2366331,Not Found
CHEMBL2366332,Not Found
CHEMBL2366333,Not Found
CHEMBL2366334,Not Found
CHEMBL2366335,Not Found
CHEMBL2366336,Not Found
CHEMBL2366337,Not Found
CHEMBL2366338,Not Found
CHEMBL2366339,Not Found
CHEMBL2366340,Not Found
CHEMBL2366341,Not Found
CHEMBL2366342,Not Found
CHEMBL2366343,Not Found
CHEMBL2366344,Not Found
CHEMBL2366345,Not Found
CHEMBL2366346,Not Found
CHEMBL2366347,Not Found
CHEMBL2366348,Not Found
CHEMBL2366349,Not Found
CHEMBL2366350,Not Found
CHEMBL2366351,Not Found
CHEMBL2366352,Not Found
CHEMBL2366353,Not Found
CHEMBL2366354,Not Found
CHEMBL2366355,Not Found
CHEMBL2366356,Not Found
CHEMBL2366357,Not Found
CHEMBL2366358,Not Found
CHEMBL2366359,Not Found
CHEMBL2366360,Not Found
CHEMBL2366361,Not Found
CHEMBL2366362,Not Found
CHEMBL2366363,Not Found
CHEMBL2366364,Not Found
CHEMBL2366365,Not Found
CHEMBL2366366,Not Found
CHEMBL2366367,Not Found
CHEMBL2366368,Not Found
CHEMBL2366369,Not Found
CHEMBL2366370,Not Found
CHEMBL2366371,Not Found
CHEMBL2366372,Not Found
CHEMBL2366373,Not Found
CHEMBL2366374,Not Found
CHEMBL2367378,Not Found
CHEMBL2367379,Not Found
CHEMBL2367389,Not Found
CHEMBL2367393,Not Found
CHEMBL2367438,Not Found
CHEMBL2367439,Not Found
CHEMBL3038451,Not Found
CHEMBL3038452,Not Found
CHEMBL3038453,Not Found
CHEMBL3038454,Not Found
CHEMBL3038455,Not Found
CHEMBL3038456,Not Found
CHEMBL3038457,Not Found
CHEMBL3038458,Not Found
CHEMBL3038459,Not Found
CHEMBL3038461,Not Found
CHEMBL3038463,Not Found
CHEMBL3038464,Not Found
CHEMBL3038465,Not Found
CHEMBL3038466,Not Found
CHEMBL3038467,Not Found
CHEMBL3038468,Not Found
CHEMBL3038469,Not Found
CHEMBL3038470,Not Found
CHEMBL3038471,Not Found
CHEMBL3038472,Not Found
CHEMBL3038473,Not Found
CHEMBL3038474,Not Found
CHEMBL3038475,Not Found
CHEMBL3038476,Not Found
CHEMBL3038477,Not Found
CHEMBL3038478,Not Found
CHEMBL3038479,Not Found
CHEMBL3038480,Not Found
CHEMBL3038483,Not Found
CHEMBL3038484,Not Found
CHEMBL3038485,Not Found
CHEMBL3038486,Not Found
CHEMBL3038488,Not Found
CHEMBL3038489,Not Found
CHEMBL3038490,Not Found
CHEMBL3038491,Not Found
CHEMBL3038492,Not Found
CHEMBL3038493,Not Found
CHEMBL3038494,Not Found
CHEMBL3038495,Not Found
CHEMBL3038496,Not Found
CHEMBL3038498,Not Found
CHEMBL3038499,Not Found
CHEMBL3038500,Not Found
CHEMBL3038502,Not Found
CHEMBL3038503,Not Found
CHEMBL3038504,Not Found
CHEMBL3038505,Not Found
CHEMBL3038509,Not Found
CHEMBL3038510,Not Found
CHEMBL3038511,Not Found
CHEMBL3038512,Not Found
CHEMBL3038513,Not Found
CHEMBL3038515,Not Found
CHEMBL3038517,Not Found
CHEMBL3137261,Not Found
CHEMBL3137262,Not Found
CHEMBL3137265,Not Found
CHEMBL3137266,Not Found
CHEMBL3137267,Not Found
CHEMBL3137268,Not Found
CHEMBL3137272,Not Found
CHEMBL3137273,Not Found
CHEMBL3137274,Not Found
CHEMBL3137278,Not Found
CHEMBL3137281,Not Found
CHEMBL3137282,Not Found
CHEMBL3137283,Not Found
CHEMBL3137284,Not Found
CHEMBL3137285,Not Found
CHEMBL3137286,Not Found
CHEMBL3137287,Not Found
CHEMBL3137288,Not Found
CHEMBL3137290,Not Found
CHEMBL3137291,Not Found
CHEMBL3140341,Not Found
CHEMBL3140342,Not Found
CHEMBL3301383,Not Found
CHEMBL3301384,Not Found
CHEMBL3301385,Not Found
CHEMBL3301386,Not Found
CHEMBL3301387,Not Found
CHEMBL3301388,Not Found
CHEMBL3301389,Not Found
CHEMBL3301390,Not Found
CHEMBL3301391,Not Found
CHEMBL3301392,Not Found
CHEMBL3301394,Not Found
CHEMBL3301395,Not Found
CHEMBL3301397,Not Found
CHEMBL3301398,Not Found
CHEMBL3301399,Not Found
CHEMBL3301400,Not Found
CHEMBL3307226,Not Found
CHEMBL3351201,Not Found
CHEMBL3390820,Not Found
CHEMBL3390823,Not Found
CHEMBL3390826,Not Found
CHEMBL3391661,Not Found
CHEMBL3430907,Not Found
CHEMBL3430911,Not Found
CHEMBL3542430,Not Found
CHEMBL3542431,Not Found
CHEMBL3542432,Not Found
CHEMBL3542433,Not Found
CHEMBL3542434,Not Found
CHEMBL3542438,Not Found
CHEMBL3544905,Not Found
CHEMBL3559682,Not Found
CHEMBL3559683,Not Found
CHEMBL3559684,Not Found
CHEMBL3559685,Not Found
CHEMBL3559691,Not Found
CHEMBL3559703,Not Found
CHEMBL3580506,Not Found
CHEMBL3580507,Not Found
CHEMBL3611965,Not Found
CHEMBL3627584,Not Found
CHEMBL3638325,Not Found
CHEMBL3706564,Not Found
CHEMBL3706565,Not Found
CHEMBL3706566,Not Found
CHEMBL3706568,Not Found
CHEMBL3706570,Not Found
CHEMBL3706572,Not Found
CHEMBL3707164,Not Found
CHEMBL3707166,Not Found
CHEMBL3707168,Not Found
CHEMBL3707192,Not Found
